loss	acc	f1	prec	recl	time(s)	total time(s)
0	1.0	1.0	1.0	1.0	0.4388270378112793	0.44144201278686523
0.0	0.9074889867841409	0.9074889867841409	0.9074889867841409	0.9074889867841409	4.958749294281006	4.963024377822876
