loss	acc	f1	prec	recl	time(s)	total time(s)
0	1.0	1.0	1.0	1.0	0.47612929344177246	0.4785892963409424
0.0	0.9823788546255506	0.9823788546255506	0.9823788546255506	0.9823788546255506	6.923017501831055	6.927164077758789
