loss	acc	f1	prec	recl	time(s)	total time(s)
0	1.0	1.0	1.0	1.0	1.7353272438049316	1.7379765510559082
0.0	0.986784140969163	0.986784140969163	0.986784140969163	0.986784140969163	36.79639768600464	36.8006157875061
