loss	acc	f1	prec	recl	time(s)	total time(s)
0	0.75	0.75	0.75	0.75	0.41641664505004883	0.4189434051513672
0.0	0.7841409691629956	0.7841409691629956	0.7841409691629956	0.7841409691629956	5.119675159454346	5.123907089233398
