loss	acc	f1	prec	recl	time(s)	total time(s)
0.0	0.9779735682819384	0.9779735682819384	0.9779735682819384	0.9779735682819384	40.60640835762024	40.610230445861816
